{"assets":{"D493951A175C82D3A82004C2F02A0349":{"type":"texture","index":0,"url":{"native":"assets\/7CADD634-8BB9-4470-821A-981307771125.pdf"},"width":1920,"height":1080},"7C1C0768F118E37B2DD4E01227BE8123":{"type":"texture","index":1,"url":{"native":"assets\/7CADD634-8BB9-4470-821A-981307771125.pdf"},"width":1920,"height":1080}},"events":[{"effects":[{"beginTime":0,"baseLayer":{"animations":[],"initialState":{"affineTransform":[1,0,0,1,0,0],"masksToBounds":false,"rotation":0,"scale":1,"position":{"pointX":960,"pointY":540},"width":1920,"sublayerTransform":[1,0,0,0,0,1,0,0,0,0,1,0,0,0,0,1],"contentsRect":{"y":0,"x":0,"width":1,"height":1},"opacity":1,"edgeAntialiasingMask":251658240,"height":1080,"hidden":false,"anchorPoint":{"pointX":0.5,"pointY":0.5}},"objectID":"0","layers":[{"animations":[],"initialState":{"affineTransform":[1,0,0,1,0,0],"masksToBounds":false,"rotation":0,"scale":1,"position":{"pointX":960,"pointY":540},"width":1920,"sublayerTransform":[1,0,0,0,0,1,0,0,0,0,1,-0.00035007912466775983,0,0,0,1],"contentsRect":{"y":0,"x":0,"width":1,"height":1},"opacity":1,"edgeAntialiasingMask":251658240,"height":1080,"hidden":false,"anchorPoint":{"pointX":0.5,"pointY":0.5}},"layers":[{"animations":[{"additive":false,"timeOffset":0,"beginTime":0,"repeatCount":0,"fillMode":"both","duration":0.5,"autoreverses":false,"animations":[{"repeatCount":0,"timingControlPoint2y":1,"removedOnCompletion":true,"from":{"scalar":1920},"timingFunction":"custom","additive":false,"timeOffset":0,"autoreverses":false,"timingControlPoint1x":0.55318903923034668,"fillMode":"removed","property":"transform.translation.x","duration":0.5,"beginTime":0,"timingControlPoint2x":0.60189545154571533,"timingControlPoint1y":0.80181479454040527,"to":{"scalar":0}},{"repeatCount":0,"timingControlPoint2y":1,"removedOnCompletion":true,"from":{"scalar":0},"timingFunction":"custom","additive":false,"timeOffset":0,"autoreverses":false,"timingControlPoint1x":0.55318903923034668,"fillMode":"removed","property":"transform.translation.y","duration":0.5,"beginTime":0,"timingControlPoint2x":0.60189545154571533,"timingControlPoint1y":0.80181479454040527,"to":{"scalar":0}},{"repeatCount":0,"timingControlPoint2y":1,"removedOnCompletion":true,"from":{"scalar":1},"timingFunction":"custom","additive":false,"timeOffset":0,"autoreverses":false,"timingControlPoint1x":0.55318903923034668,"fillMode":"removed","property":"transform.translation.z","duration":0.5,"beginTime":0,"timingControlPoint2x":0.60189545154571533,"timingControlPoint1y":0.80181479454040527,"to":{"scalar":1}}],"removedOnCompletion":false}],"layers":[],"texturedRectangle":{"isBackgroundTexture":false,"singleTextureOpacity":1,"textureType":0,"textBaseline":0,"textXHeight":0,"isVerticalText":false},"initialState":{"affineTransform":[1,0,0,1,0,0],"masksToBounds":false,"rotation":0,"scale":1,"position":{"pointX":960,"pointY":540},"width":1920,"sublayerTransform":[1,0,0,0,0,1,0,0,0,0,1,0,0,0,0,1],"contentsRect":{"y":0,"x":0,"width":1,"height":1},"opacity":1,"edgeAntialiasingMask":0,"height":1080,"hidden":false,"anchorPoint":{"pointX":0.5,"pointY":0.5}},"texture":"7C1C0768F118E37B2DD4E01227BE8123"},{"animations":[],"layers":[],"texturedRectangle":{"isBackgroundTexture":false,"singleTextureOpacity":1,"textureType":0,"textBaseline":0,"textXHeight":0,"isVerticalText":false},"initialState":{"affineTransform":[1,0,0,1,0,0],"masksToBounds":false,"rotation":0,"scale":1,"position":{"pointX":960,"pointY":540},"width":1920,"sublayerTransform":[1,0,0,0,0,1,0,0,0,0,1,0,0,0,0,1],"contentsRect":{"y":0,"x":0,"width":1,"height":1},"opacity":1,"edgeAntialiasingMask":0,"height":1080,"hidden":false,"anchorPoint":{"pointX":0.5,"pointY":0.5}},"texture":"D493951A175C82D3A82004C2F02A0349"}]}]},"effects":[],"duration":0.5,"type":"transition","attributes":{"direction":12},"name":"apple:slide","objectID":"0"}],"automaticPlay":false,"hyperlinks":[],"accessibility":[{"text":"Pages from the latest POW UK Impact Report. I also designed the assets for the #DivestTheDirt campaign featured.","targetRectangle":{"y":1006.4565428495407,"x":159.41737365722656,"width":1135.859999999999,"height":26}},{"text":"Screenshot 2023-05-07 at 13.25.07.png","targetRectangle":{"y":112,"x":257.35047173500061,"width":624.91355872154236,"height":822}},{"text":"Screenshot 2023-05-07 at 13.25.35.png","targetRectangle":{"y":114,"x":1045.6650390625,"width":634,"height":820}},{"text":"pasted-image.pdf","targetRectangle":{"y":998.8818359375,"x":56.395519256591797,"width":41.15625,"height":41.15625}}],"baseLayer":{"animations":[],"initialState":{"affineTransform":[1,0,0,1,0,0],"masksToBounds":false,"rotation":0,"scale":1,"position":{"pointX":960,"pointY":540},"width":1920,"sublayerTransform":[1,0,0,0,0,1,0,0,0,0,1,0,0,0,0,1],"contentsRect":{"y":0,"x":0,"width":1,"height":1},"opacity":1,"edgeAntialiasingMask":251658240,"height":1080,"hidden":false,"anchorPoint":{"pointX":0.5,"pointY":0.5}},"objectID":"0","layers":[{"animations":[],"initialState":{"affineTransform":[1,0,0,1,0,0],"masksToBounds":false,"rotation":0,"scale":1,"position":{"pointX":960,"pointY":540},"width":1920,"sublayerTransform":[1,0,0,0,0,1,0,0,0,0,1,-0.00035007912466775983,0,0,0,1],"contentsRect":{"y":0,"x":0,"width":1,"height":1},"opacity":1,"edgeAntialiasingMask":251658240,"height":1080,"hidden":false,"anchorPoint":{"pointX":0.5,"pointY":0.5}},"layers":[{"animations":[],"layers":[],"texturedRectangle":{"isBackgroundTexture":false,"singleTextureOpacity":1,"textureType":0,"textBaseline":0,"textXHeight":0,"isVerticalText":false},"initialState":{"affineTransform":[1,0,0,1,0,0],"masksToBounds":false,"rotation":0,"scale":1,"position":{"pointX":960,"pointY":540},"width":1920,"sublayerTransform":[1,0,0,0,0,1,0,0,0,0,1,0,0,0,0,1],"contentsRect":{"y":0,"x":0,"width":1,"height":1},"opacity":1,"edgeAntialiasingMask":0,"height":1080,"hidden":false,"anchorPoint":{"pointX":0.5,"pointY":0.5}},"texture":"D493951A175C82D3A82004C2F02A0349"}]}]}}]}